tag,estimator,auc
fields:k-10,xgboost,0.547295527658583
fields:k-9,xgboost,0.5548300318597315
fields:k-8,xgboost,0.5483243137155132
fields:k-7,xgboost,0.5457046921174145
fields:k-6,xgboost,0.5469928998927378
fields:k-5,xgboost,0.5549181499444923
fields:k-4,xgboost,0.5504153380652548
fields:k-3,xgboost,0.5608804361459494
fields:k-2,xgboost,0.560889485309536
fields:k-1,xgboost,0.5700477951601661
fields:k0,xgboost,0.57265788546711
fields:f010,xgboost,0.6031922853061833
fields:f020,xgboost,0.6403802310192125
fields:f030,xgboost,0.6719134137457833
fields:f040,xgboost,0.691312484010981
fields:f050,xgboost,0.7149352142934654
fields:f060,xgboost,0.7351340971074646
fields:f070,xgboost,0.7599423790799952
fields:f080,xgboost,0.7746647748475384
fields:f090,xgboost,0.7924737513062875
fields:f100,xgboost,0.7968960849683825
ball:k-10,xgboost,0.5183408929699792
ball:k-9,xgboost,0.5269961027032596
ball:k-8,xgboost,0.5261738897659078
ball:k-7,xgboost,0.5294320522412664
ball:k-6,xgboost,0.5236909327900077
ball:k-5,xgboost,0.5297148756900821
ball:k-4,xgboost,0.5280731756904753
ball:k-3,xgboost,0.5227620213131539
ball:k-2,xgboost,0.5245904901153093
ball:k-1,xgboost,0.5293634788663831
ball:k0,xgboost,0.5171188108449627
ball:f010,xgboost,0.7285755674511674
ball:f020,xgboost,0.7456774296577733
ball:f030,xgboost,0.7515320530645921
ball:f040,xgboost,0.761594630255997
ball:f050,xgboost,0.767921775766325
ball:f060,xgboost,0.7683305457706323
ball:f070,xgboost,0.7756291041572823
ball:f080,xgboost,0.7716518484140488
ball:f090,xgboost,0.7731943228514597
ball:f100,xgboost,0.7729315633268254
union:k-10,xgboost,0.5478745628679142
union:k-9,xgboost,0.5586545644240738
union:k-8,xgboost,0.5572961143707468
union:k-7,xgboost,0.5547402448718501
union:k-6,xgboost,0.5547721023780832
union:k-5,xgboost,0.5556451983172412
union:k-4,xgboost,0.5564794273570605
union:k-3,xgboost,0.5655354519897738
union:k-2,xgboost,0.563659938662989
union:k-1,xgboost,0.5725847504236975
union:k0,xgboost,0.5776308829854881
union:f010,xgboost,0.7345375198720003
union:f020,xgboost,0.7493570087144187
union:f030,xgboost,0.7619097933386141
union:f040,xgboost,0.7710663230259157
union:f050,xgboost,0.7816726844840741
union:f060,xgboost,0.7853910377232185
union:f070,xgboost,0.7946020107389837
union:f080,xgboost,0.8016783824901947
union:f090,xgboost,0.8143639747160434
union:f100,xgboost,0.8175694925696353
