frac,p_dyn_is_receiver
0.041666666666666664,0.02702702702702703
0.043478260869565216,0.0
0.045454545454545456,0.03773584905660377
0.047619047619047616,0.08620689655172414
0.05,0.05357142857142857
0.05263157894736842,0.05405405405405406
0.05555555555555555,0.09090909090909091
0.058823529411764705,0.07291666666666667
0.0625,0.09900990099009901
0.06666666666666667,0.05357142857142857
0.07142857142857142,0.08280254777070063
0.07692307692307693,0.024271844660194174
0.08333333333333333,0.025423728813559324
0.08695652173913043,0.0
0.09090909090909091,0.05976095617529881
0.09523809523809523,0.10344827586206896
0.1,0.05263157894736842
0.10526315789473684,0.06756756756756757
0.1111111111111111,0.06903765690376569
0.11764705882352941,0.09375
0.125,0.10403726708074534
0.13043478260869565,0.07692307692307693
0.13333333333333333,0.07142857142857142
0.13636363636363635,0.1509433962264151
0.14285714285714285,0.12257281553398058
0.15,0.08928571428571429
0.15384615384615385,0.04854368932038835
0.15789473684210525,0.12162162162162163
0.16666666666666666,0.12296747967479675
0.17391304347826086,0.11538461538461539
0.17647058823529413,0.10416666666666667
0.18181818181818182,0.08167330677290836
0.1875,0.1485148514851485
0.19047619047619047,0.13793103448275862
0.2,0.1466093600764088
0.20833333333333334,0.16216216216216217
0.21052631578947367,0.16216216216216217
0.21428571428571427,0.1592356687898089
0.21739130434782608,0.25
0.2222222222222222,0.08263598326359832
0.22727272727272727,0.20754716981132076
0.23076923076923078,0.05825242718446602
0.23529411764705882,0.125
0.23809523809523808,0.1896551724137931
0.25,0.17680392897619948
0.2608695652173913,0.2692307692307692
0.2631578947368421,0.1891891891891892
0.26666666666666666,0.11607142857142858
0.2727272727272727,0.11752988047808766
0.2777777777777778,0.16883116883116883
0.2857142857142857,0.14502427184466019
0.2916666666666667,0.2972972972972973
0.29411764705882354,0.15625
0.3,0.09473684210526316
0.30434782608695654,0.36538461538461536
0.3076923076923077,0.07766990291262135
0.3125,0.19801980198019803
0.3157894736842105,0.1891891891891892
0.3181818181818182,0.3018867924528302
0.3333333333333333,0.19603960396039605
0.34782608695652173,0.40384615384615385
0.35,0.2857142857142857
0.35294117647058826,0.22916666666666666
0.35714285714285715,0.1910828025477707
0.36363636363636365,0.14940239043824702
0.3684210526315789,0.28378378378378377
0.375,0.16304347826086957
0.38095238095238093,0.27586206896551724
0.38461538461538464,0.11165048543689321
0.3888888888888889,0.23376623376623376
0.391304347826087,0.4423076923076923
0.4,0.20916905444126074
0.4090909090909091,0.39622641509433965
0.4117647058823529,0.23958333333333334
0.4166666666666667,0.1638418079096045
0.42105263157894735,0.35135135135135137
0.42857142857142855,0.19356796116504854
0.43478260869565216,0.5
0.4375,0.2871287128712871
0.4444444444444444,0.14330543933054393
0.45,0.48214285714285715
0.45454545454545453,0.1952191235059761
0.4583333333333333,0.5135135135135135
0.46153846153846156,0.1796116504854369
0.4666666666666667,0.23214285714285715
0.47058823529411764,0.2708333333333333
0.47368421052631576,0.4594594594594595
0.47619047619047616,0.41379310344827586
0.4782608695652174,0.5
0.5,0.2846646571213263
0.5217391304347826,0.5961538461538461
0.5238095238095238,0.4827586206896552
0.5263157894736842,0.5
0.5294117647058824,0.3645833333333333
0.5333333333333333,0.3125
0.5384615384615384,0.23300970873786409
0.5416666666666666,0.6486486486486487
0.5454545454545454,0.23705179282868527
0.55,0.5535714285714286
0.5555555555555556,0.19560669456066945
0.5625,0.45544554455445546
0.5652173913043478,0.6730769230769231
0.5714285714285714,0.2688106796116505
0.5789473684210527,0.5540540540540541
0.5833333333333334,0.2711864406779661
0.5882352941176471,0.46875
0.5909090909090909,0.6037735849056604
0.6,0.3414517669531996
0.6086956521739131,0.7115384615384616
0.6111111111111112,0.6103896103896104
0.6153846153846154,0.32038834951456313
0.6190476190476191,0.6379310344827587
0.625,0.2888198757763975
0.631578947368421,0.6081081081081081
0.6363636363636364,0.28087649402390436
0.6428571428571429,0.4012738853503185
0.6470588235294118,0.6354166666666666
0.65,0.6964285714285714
0.6521739130434783,0.75
0.6666666666666666,0.39462517680339465
0.6818181818181818,0.6415094339622641
0.6842105263157895,0.7027027027027027
0.6875,0.6237623762376238
0.6923076923076923,0.3932038834951456
0.6956521739130435,0.7884615384615384
0.7,0.2992481203007519
0.7058823529411765,0.75
0.7083333333333334,0.7837837837837838
0.7142857142857143,0.4016990291262136
0.7222222222222222,0.7792207792207793
0.7272727272727273,0.3426294820717131
0.7333333333333333,0.6160714285714286
0.7368421052631579,0.7837837837837838
0.7391304347826086,0.8461538461538461
0.75,0.49452210049112205
0.7619047619047619,0.8103448275862069
0.7647058823529411,0.78125
0.7692307692307693,0.529126213592233
0.7727272727272727,0.7547169811320755
0.7777777777777778,0.3472803347280335
0.782608695652174,0.8653846153846154
0.7857142857142857,0.5668789808917197
0.7894736842105263,0.8378378378378378
0.7916666666666666,0.8108108108108109
0.8,0.5630372492836676
0.8095238095238095,0.8275862068965517
0.8125,0.7326732673267327
0.8181818181818182,0.450199203187251
0.8235294117647058,0.8229166666666666
0.8260869565217391,0.9038461538461539
0.8333333333333334,0.5894308943089431
0.8421052631578947,0.9054054054054054
0.8461538461538461,0.616504854368932
0.85,0.9285714285714286
0.8571428571428571,0.5989077669902912
0.8636363636363636,0.8867924528301887
0.8666666666666667,0.8571428571428571
0.8695652173913043,0.9230769230769231
0.875,0.5722049689440993
0.8823529411764706,0.8854166666666666
0.8888888888888888,0.5753138075313807
0.8947368421052632,0.9459459459459459
0.9,0.6180451127819548
0.9047619047619048,0.8793103448275862
0.9090909090909091,0.6633466135458167
0.9130434782608695,0.9230769230769231
0.9166666666666666,0.7231638418079096
0.9230769230769231,0.7864077669902912
0.9285714285714286,0.8598726114649682
0.9333333333333333,0.9642857142857143
0.9375,0.9405940594059405
0.9411764705882353,0.9479166666666666
0.9444444444444444,0.961038961038961
0.9473684210526315,0.972972972972973
0.95,0.9821428571428571
0.9523809523809523,0.9482758620689655
0.9545454545454546,0.9433962264150944
0.9565217391304348,0.9230769230769231
0.9583333333333334,0.9459459459459459
1.0,1.0
