curve,target,estimator,contrast,delta,lo,hi
fields,success,adaboost,k0_vs_f100,0.18081613139580746,0.17056325272313358,0.19192926452949877
ball,success,adaboost,k0_vs_f100,0.2066133916370134,0.19332471408528426,0.22151503508759143
union,success,adaboost,k0_vs_f100,0.20215806644767667,0.1908548093569344,0.21424772037461398
fields,success,xgboost,k0_vs_f100,0.22315350109365434,0.2122821034631189,0.2348676426200697
ball,success,xgboost,k0_vs_f100,0.25117387669283575,0.2375792565508323,0.26422571027912983
union,success,xgboost,k0_vs_f100,0.2401756466507827,0.229455981565811,0.25280810759276845
fields,shot_in_window,adaboost,k0_vs_f100,0.1251339488858094,0.11505465356713299,0.13474221814942614
ball,shot_in_window,adaboost,k0_vs_f100,0.14442748816917833,0.12909368330611024,0.16063422878924588
union,shot_in_window,adaboost,k0_vs_f100,0.13607153810864714,0.12406381411443998,0.14664236233477082
fields,shot_in_window,xgboost,k0_vs_f100,0.1640832053615267,0.15291795991519483,0.17631835217758304
ball,shot_in_window,xgboost,k0_vs_f100,0.188751556608167,0.17486945265316878,0.2019645777519143
union,shot_in_window,xgboost,k0_vs_f100,0.17821642875907748,0.1657272797336141,0.19069476969143415
fields+meta,success,xgboost,abs_1.2s_with_length,0.7520389731157509,0.7430366760077901,0.7610494462543863
fields+meta,shot_in_window,xgboost,abs_1.2s_with_length,0.7117936201896097,0.7007861319488277,0.7225883935444334
