curve,cut,target,estimator,auc,auc_lo,auc_hi
ball,a0,success,adaboost,0.5331517220595392,0.5216252692495177,0.5444875736281594
ball,a0,success,xgboost,0.5208328991094658,0.510856893708047,0.5325359658357094
ball,a0,shot_in_window,adaboost,0.534109043214541,0.5227473347259977,0.5450395884353183
ball,a0,shot_in_window,xgboost,0.5183652493909253,0.5075239815020359,0.5292702358282753
ball,a2,success,adaboost,0.6954894703709986,0.6852638834414871,0.7057871562951596
ball,a2,success,xgboost,0.7247831705435781,0.7155696664266927,0.7341237545037484
ball,a2,shot_in_window,adaboost,0.6458481531072354,0.6342701633728813,0.6555445495341031
ball,a2,shot_in_window,xgboost,0.669666377410349,0.660542596697852,0.679037018618838
ball,a4,success,adaboost,0.6960920185709606,0.6857331660848167,0.7055502503593837
ball,a4,success,xgboost,0.7349433600241628,0.7260941783759501,0.7435854574018966
ball,a4,shot_in_window,adaboost,0.6535016538787459,0.6411279810402383,0.6638293760545075
ball,a4,shot_in_window,xgboost,0.6758251666151684,0.6644340324881713,0.6859517595016458
ball,a6,success,adaboost,0.7113383386581232,0.701307500847384,0.7204481815030639
ball,a6,success,xgboost,0.74717653115742,0.7375771847788827,0.7570609614390825
ball,a6,shot_in_window,adaboost,0.6760645490794013,0.6655567943127506,0.6860556028251409
ball,a6,shot_in_window,xgboost,0.6908794900104698,0.6810107896330586,0.6994028997837638
ball,f025,success,adaboost,0.701250208705607,0.690662926322938,0.7112928512346678
ball,f025,success,xgboost,0.750953648329773,0.7416229453011507,0.7600906986862854
ball,f025,shot_in_window,adaboost,0.6494085085315373,0.6389966410155974,0.6602301357522165
ball,f025,shot_in_window,xgboost,0.6823023503399364,0.6715098587955699,0.6923905882207474
ball,f050,success,adaboost,0.7199010355284257,0.7097070503023585,0.7290933753805968
ball,f050,success,xgboost,0.7687300440909369,0.7602138432459444,0.7773878140548833
ball,f050,shot_in_window,adaboost,0.6590388548401742,0.6481919427245593,0.6704549248100226
ball,f050,shot_in_window,xgboost,0.6969776164060151,0.6868129985164902,0.7065283563596163
ball,f075,success,adaboost,0.7333436422097197,0.7239926053870362,0.7429234196389847
ball,f075,success,xgboost,0.7725234979705025,0.7633959254787747,0.7804831114414975
ball,f075,shot_in_window,adaboost,0.6710818964369334,0.6601482605944544,0.6802168786748318
ball,f075,shot_in_window,xgboost,0.7058188649023796,0.6951050341513959,0.7153659656189064
ball,f100,success,adaboost,0.7397466486385571,0.7300950928335409,0.7482747269824686
ball,f100,success,xgboost,0.7722967867532705,0.7633368035514904,0.7812166259364701
ball,f100,shot_in_window,adaboost,0.677729377211736,0.66843884341155,0.688317469115313
ball,f100,shot_in_window,xgboost,0.7072744915714592,0.6969081959611632,0.7178119054695887
ball,k-10,success,adaboost,0.5330101619881873,0.5220250770873002,0.544686051603531
ball,k-10,success,xgboost,0.5171787986404596,0.5055841744086965,0.5281504850680566
ball,k-10,shot_in_window,adaboost,0.5400671538301356,0.5291737138218187,0.5518484517112904
ball,k-10,shot_in_window,xgboost,0.5314938043318178,0.5193040032331979,0.5422498578852685
ball,k-2,success,adaboost,0.5379160510577545,0.5277273150395663,0.5486133134535874
ball,k-2,success,xgboost,0.527121511501079,0.516010747484566,0.5380246020262662
ball,k-2,shot_in_window,adaboost,0.5369185635175109,0.5250961092917074,0.5481967966016623
ball,k-2,shot_in_window,xgboost,0.5309628994681086,0.5192590635500353,0.5414780710654824
ball,k-4,success,adaboost,0.5355224916590076,0.525411646068075,0.5463669123178588
ball,k-4,success,xgboost,0.5263232751385579,0.5142029447583972,0.5376507346870176
ball,k-4,shot_in_window,adaboost,0.5366823696108565,0.5262709769860809,0.5493778260464746
ball,k-4,shot_in_window,xgboost,0.5329608416251873,0.5211312703029245,0.5456738915816751
ball,k-7,success,adaboost,0.5354157189460336,0.5243793903681089,0.5471224585140405
ball,k-7,success,xgboost,0.529075908315358,0.5170225744406957,0.5413797316785451
ball,k-7,shot_in_window,adaboost,0.5391925665778843,0.5281160785330751,0.5498719674271154
ball,k-7,shot_in_window,xgboost,0.5306543513743927,0.5190211062314886,0.5419422992584835
ball,k0,success,adaboost,0.5331517220595392,0.5235797700112381,0.545475015148855
ball,k0,success,xgboost,0.5208328991094658,0.5087318438551874,0.5319573423985596
ball,k0,shot_in_window,adaboost,0.534109043214541,0.5223310883055616,0.5455363559959192
ball,k0,shot_in_window,xgboost,0.5183652493909253,0.5054310661457616,0.5297529974671249
fields,a0,success,adaboost,0.5796713952007835,0.5682227857571459,0.5919300022122113
fields,a0,success,xgboost,0.5744017037943216,0.5634547796358652,0.5849883675725439
fields,a0,shot_in_window,adaboost,0.5846808297982458,0.5737453138369739,0.5972958985901057
fields,a0,shot_in_window,xgboost,0.5757418790847628,0.565894597109497,0.5867460077972603
fields,a2,success,adaboost,0.6069071523921427,0.5960561460683063,0.6172388162772314
fields,a2,success,xgboost,0.6276778755886869,0.6166472111630471,0.6380691111690071
fields,a2,shot_in_window,adaboost,0.6102530214691397,0.5978101059581776,0.6207846668229385
fields,a2,shot_in_window,xgboost,0.6154287523025798,0.6029108057911057,0.6265349539361781
fields,a4,success,adaboost,0.6504262118962529,0.6394201162192157,0.6619800597007915
fields,a4,success,xgboost,0.6813394898304089,0.670902995402557,0.6917082240238781
fields,a4,shot_in_window,adaboost,0.6390515721714566,0.6286194082605248,0.6499535121054743
fields,a4,shot_in_window,xgboost,0.6530314719857743,0.642108899724466,0.6639272239366114
fields,a6,success,adaboost,0.7116773485119948,0.702508791636042,0.7212812165617148
fields,a6,success,xgboost,0.7354697320683592,0.7264585178947633,0.7449943934518583
fields,a6,shot_in_window,adaboost,0.676826052833637,0.6656345657170778,0.6869500757818247
fields,a6,shot_in_window,xgboost,0.6960459960861358,0.6868188632623324,0.7053279991625222
fields,f025,success,adaboost,0.634750037995361,0.6241459144702026,0.6458007710172838
fields,f025,success,xgboost,0.6606244338246163,0.6494462184390155,0.6697953773290102
fields,f025,shot_in_window,adaboost,0.6139751911770888,0.6026406473261793,0.6255917809536572
fields,f025,shot_in_window,xgboost,0.6270172940945828,0.6154657026827172,0.6387507241989097
fields,f050,success,adaboost,0.6833665395605326,0.6725628027370913,0.6940382634334002
fields,f050,success,xgboost,0.7129033432876606,0.702875744366695,0.7217553268087676
fields,f050,shot_in_window,adaboost,0.6489253518162184,0.6385157557013599,0.6597378344818033
fields,f050,shot_in_window,xgboost,0.6655391606208406,0.6558345780452581,0.6764765149532556
fields,f075,success,adaboost,0.7411060814903883,0.7314145014653195,0.7494180941795717
fields,f075,success,xgboost,0.769371681710654,0.7605336623202257,0.7780409907268327
fields,f075,shot_in_window,adaboost,0.6885616091892064,0.6780341355605577,0.6993597560029092
fields,f075,shot_in_window,xgboost,0.7154633892626386,0.7057747557927356,0.7266179192770129
fields,f100,success,adaboost,0.7601534767813668,0.7508017951942056,0.7699845519388383
fields,f100,success,xgboost,0.7973775078885342,0.7886554319695089,0.8061394410928203
fields,f100,shot_in_window,adaboost,0.7104037299465799,0.7004966555894946,0.7204434277160044
fields,f100,shot_in_window,xgboost,0.7394725459978508,0.7284682963506417,0.7483760112052255
fields,k-10,success,adaboost,0.5508016520509076,0.5398830265179245,0.562430969592595
fields,k-10,success,xgboost,0.5486359164714729,0.5370681567645212,0.5597370139621416
fields,k-10,shot_in_window,adaboost,0.5476085336870506,0.5359656293662549,0.5579510017895104
fields,k-10,shot_in_window,xgboost,0.5319435714347595,0.520091991134934,0.5426805783572772
fields,k-2,success,adaboost,0.5691196254180324,0.5580542343257319,0.5801074426203494
fields,k-2,success,xgboost,0.5589973200382825,0.5469750246098085,0.569484016279524
fields,k-2,shot_in_window,adaboost,0.5737464436553399,0.5626012135905524,0.5840650976163618
fields,k-2,shot_in_window,xgboost,0.5581574853855772,0.5459948467549265,0.569648344982027
fields,k-4,success,adaboost,0.5656301715135446,0.554983107545181,0.5773773747047921
fields,k-4,success,xgboost,0.5526959498094817,0.5418288444733826,0.5642389954892671
fields,k-4,shot_in_window,adaboost,0.5661314863282673,0.5560207141715537,0.577996161117812
fields,k-4,shot_in_window,xgboost,0.5455153158252244,0.5345823903973309,0.5565603811756692
fields,k-7,success,adaboost,0.556882170766766,0.5452843749405473,0.5682239957155591
fields,k-7,success,xgboost,0.5454624415577942,0.5349855749657372,0.5562043900808659
fields,k-7,shot_in_window,adaboost,0.5582167845350064,0.5456839575208009,0.569552234013222
fields,k-7,shot_in_window,xgboost,0.5442189566044934,0.5330601193228253,0.5575436367071946
fields,k0,success,adaboost,0.5796713952007835,0.5692415486445137,0.591411229660617
fields,k0,success,xgboost,0.5744017037943216,0.5632589063649877,0.5853956243733617
fields,k0,shot_in_window,adaboost,0.5846808297982458,0.573358265419331,0.5972637148315607
fields,k0,shot_in_window,xgboost,0.5757418790847628,0.5642859058081462,0.5871544404113825
union,a0,success,adaboost,0.5819791915225062,0.5712404648174217,0.5919170051384581
union,a0,success,xgboost,0.5779216800825461,0.5674594032995237,0.5894523275775957
union,a0,shot_in_window,adaboost,0.5843494203483076,0.5727445531877298,0.5954431025167505
union,a0,shot_in_window,xgboost,0.5751190876120968,0.5633847190995658,0.5872474476127594
union,a2,success,adaboost,0.7123185410908797,0.702484582785366,0.7211919452706391
union,a2,success,xgboost,0.7449156495567504,0.7356238909230532,0.7539459035095771
union,a2,shot_in_window,adaboost,0.6705767807873483,0.6595162386247513,0.6799731679687472
union,a2,shot_in_window,xgboost,0.691592764324605,0.6811397560477714,0.7015520196323682
union,a4,success,adaboost,0.7184664278627011,0.7076414380626574,0.7273233012654825
union,a4,success,xgboost,0.7608629089545107,0.751867866738863,0.7702442183690702
union,a4,shot_in_window,adaboost,0.6835095502714005,0.6743387189732275,0.6930320895814183
union,a4,shot_in_window,xgboost,0.7088936370989917,0.6992132499122826,0.7198356689846422
union,a6,success,adaboost,0.7352091050310458,0.7252179174511426,0.7452886459215547
union,a6,success,xgboost,0.7771153921896372,0.7683703165341287,0.7844053964328418
union,a6,shot_in_window,adaboost,0.6970275303671004,0.6871519259392419,0.7070804156807566
union,a6,shot_in_window,xgboost,0.7215764357011921,0.7112272047648426,0.7322730864080097
union,f025,success,adaboost,0.7142854175918263,0.7046843146756859,0.7239600659921209
union,f025,success,xgboost,0.7577303407106516,0.7482507230963328,0.7667992718108964
union,f025,shot_in_window,adaboost,0.6664240354833917,0.6552535906927485,0.677364575082041
union,f025,shot_in_window,xgboost,0.691201273626209,0.6812251741511341,0.7019765313928338
union,f050,success,adaboost,0.7304953067106446,0.7219785810647162,0.7389337794574715
union,f050,success,xgboost,0.78140221091835,0.7729985318552225,0.7898538339270563
union,f050,shot_in_window,adaboost,0.683875271809493,0.6739547228908704,0.6948258828341792
union,f050,shot_in_window,xgboost,0.7121794958180563,0.7024707548407205,0.7214136172539742
union,f075,success,adaboost,0.7613909128150916,0.7523476395302529,0.7690092490435126
union,f075,success,xgboost,0.7973299256062327,0.7891912206580458,0.8055992048494592
union,f075,shot_in_window,adaboost,0.7003016174930926,0.6904953062110588,0.7110851879206924
union,f075,shot_in_window,xgboost,0.7365482175682384,0.727730398232738,0.7457519219867819
union,f100,success,adaboost,0.7841917453974805,0.7753600635222303,0.7927510042076102
union,f100,success,xgboost,0.8181590233252576,0.809929152030712,0.82612358625371
union,f100,shot_in_window,adaboost,0.7204026053282843,0.7109690910472992,0.7299999477771315
union,f100,shot_in_window,xgboost,0.7532518875458711,0.7446233937849217,0.7632378443572203
union,k-10,success,adaboost,0.5542547980408412,0.5420479905094009,0.5645228054991832
union,k-10,success,xgboost,0.5477503593890153,0.536856651113277,0.5579893801787347
union,k-10,shot_in_window,adaboost,0.5539018439247991,0.5418057279222086,0.5650271161681517
union,k-10,shot_in_window,xgboost,0.5426507477829297,0.5318443768575414,0.5543733170249332
union,k-2,success,adaboost,0.5724710239477213,0.5615579511386497,0.5828510495196725
union,k-2,success,xgboost,0.5619126341825924,0.5514466201454727,0.5732445867517105
union,k-2,shot_in_window,adaboost,0.5736008128054397,0.5639476349278016,0.5846133411810703
union,k-2,shot_in_window,xgboost,0.5629850016668737,0.5511704139254294,0.574277127095856
union,k-4,success,adaboost,0.5672431292927433,0.5558058054967234,0.5790915708504659
union,k-4,success,xgboost,0.5572138559902756,0.5458028597990613,0.5676405084330854
union,k-4,shot_in_window,adaboost,0.5663213559078396,0.5554270778321799,0.5771764635241252
union,k-4,shot_in_window,xgboost,0.550252630018549,0.5389110731651148,0.5613001985382904
union,k-7,success,adaboost,0.5606931295857286,0.550755872246596,0.5721340914620779
union,k-7,success,xgboost,0.5530135235299393,0.5429141914715664,0.5654012935849237
union,k-7,shot_in_window,adaboost,0.5589504936929931,0.5471131519184245,0.5713623649502879
union,k-7,shot_in_window,xgboost,0.5471748096411071,0.5355673918441781,0.5595085585772637
union,k0,success,adaboost,0.5819791915225062,0.5706574685692822,0.5939622604115115
union,k0,success,xgboost,0.5779216800825461,0.5665024798567612,0.588458052832345
union,k0,shot_in_window,adaboost,0.5843494203483076,0.5724447602207942,0.5958916391897445
union,k0,shot_in_window,xgboost,0.5751190876120968,0.5628203349859249,0.5862309326524185
