curve,cut,target,estimator,auc
ball,a0,success,adaboost,0.5331517220595392
ball,a0,success,xgboost,0.5208328991094658
ball,a0,shot_in_window,adaboost,0.534109043214541
ball,a0,shot_in_window,xgboost,0.5183652493909253
ball,a2,success,adaboost,0.6954894703709986
ball,a2,success,xgboost,0.7247831705435781
ball,a2,shot_in_window,adaboost,0.6458481531072354
ball,a2,shot_in_window,xgboost,0.669666377410349
ball,a4,success,adaboost,0.6960920185709606
ball,a4,success,xgboost,0.7349433600241628
ball,a4,shot_in_window,adaboost,0.6535016538787459
ball,a4,shot_in_window,xgboost,0.6758251666151684
ball,a6,success,adaboost,0.7113383386581232
ball,a6,success,xgboost,0.74717653115742
ball,a6,shot_in_window,adaboost,0.6760645490794013
ball,a6,shot_in_window,xgboost,0.6908794900104698
ball,f025,success,adaboost,0.701250208705607
ball,f025,success,xgboost,0.750953648329773
ball,f025,shot_in_window,adaboost,0.6494085085315373
ball,f025,shot_in_window,xgboost,0.6823023503399364
ball,f050,success,adaboost,0.7199010355284257
ball,f050,success,xgboost,0.7687300440909369
ball,f050,shot_in_window,adaboost,0.6590388548401742
ball,f050,shot_in_window,xgboost,0.6969776164060151
ball,f075,success,adaboost,0.7333436422097197
ball,f075,success,xgboost,0.7725234979705025
ball,f075,shot_in_window,adaboost,0.6710818964369334
ball,f075,shot_in_window,xgboost,0.7058188649023796
ball,f100,success,adaboost,0.7397466486385571
ball,f100,success,xgboost,0.7722967867532705
ball,f100,shot_in_window,adaboost,0.677729377211736
ball,f100,shot_in_window,xgboost,0.7072744915714592
ball,k-10,success,adaboost,0.5330101619881873
ball,k-10,success,xgboost,0.5171787986404596
ball,k-10,shot_in_window,adaboost,0.5400671538301356
ball,k-10,shot_in_window,xgboost,0.5314938043318178
ball,k-2,success,adaboost,0.5379160510577545
ball,k-2,success,xgboost,0.527121511501079
ball,k-2,shot_in_window,adaboost,0.5369185635175109
ball,k-2,shot_in_window,xgboost,0.5309628994681086
ball,k-4,success,adaboost,0.5355224916590076
ball,k-4,success,xgboost,0.5263232751385579
ball,k-4,shot_in_window,adaboost,0.5366823696108565
ball,k-4,shot_in_window,xgboost,0.5329608416251873
ball,k-7,success,adaboost,0.5354157189460336
ball,k-7,success,xgboost,0.529075908315358
ball,k-7,shot_in_window,adaboost,0.5391925665778843
ball,k-7,shot_in_window,xgboost,0.5306543513743927
ball,k0,success,adaboost,0.5331517220595392
ball,k0,success,xgboost,0.5208328991094658
ball,k0,shot_in_window,adaboost,0.534109043214541
ball,k0,shot_in_window,xgboost,0.5183652493909253
fields+meta,a0,success,adaboost,0.6288541555947307
fields+meta,a0,success,xgboost,0.635519420877266
fields+meta,a0,shot_in_window,adaboost,0.6453135583404163
fields+meta,a0,shot_in_window,xgboost,0.6437695344272774
fields+meta,a2,success,adaboost,0.6485935152061922
fields+meta,a2,success,xgboost,0.6769982277732329
fields+meta,a2,shot_in_window,adaboost,0.6597593886376011
fields+meta,a2,shot_in_window,xgboost,0.6632835068069085
fields+meta,a4,success,adaboost,0.6812790013639761
fields+meta,a4,success,xgboost,0.7124568560728306
fields+meta,a4,shot_in_window,adaboost,0.6733774172475055
fields+meta,a4,shot_in_window,xgboost,0.6875540851559048
fields+meta,a6,success,adaboost,0.7254393647071791
fields+meta,a6,success,xgboost,0.7520389731157509
fields+meta,a6,shot_in_window,adaboost,0.690346539656993
fields+meta,a6,shot_in_window,xgboost,0.7117936201896097
fields,a0,success,adaboost,0.5796713952007835
fields,a0,success,xgboost,0.5744017037943216
fields,a0,shot_in_window,adaboost,0.5846808297982458
fields,a0,shot_in_window,xgboost,0.5757418790847628
fields,a2,success,adaboost,0.6069071523921427
fields,a2,success,xgboost,0.6276778755886869
fields,a2,shot_in_window,adaboost,0.6102530214691397
fields,a2,shot_in_window,xgboost,0.6154287523025798
fields,a4,success,adaboost,0.6504262118962529
fields,a4,success,xgboost,0.6813394898304089
fields,a4,shot_in_window,adaboost,0.6390515721714566
fields,a4,shot_in_window,xgboost,0.6530314719857743
fields,a6,success,adaboost,0.7116773485119948
fields,a6,success,xgboost,0.7354697320683592
fields,a6,shot_in_window,adaboost,0.676826052833637
fields,a6,shot_in_window,xgboost,0.6960459960861358
fields,f025,success,adaboost,0.634750037995361
fields,f025,success,xgboost,0.6606244338246163
fields,f025,shot_in_window,adaboost,0.6139751911770888
fields,f025,shot_in_window,xgboost,0.6270172940945828
fields,f050,success,adaboost,0.6833665395605326
fields,f050,success,xgboost,0.7129033432876606
fields,f050,shot_in_window,adaboost,0.6489253518162184
fields,f050,shot_in_window,xgboost,0.6655391606208406
fields,f075,success,adaboost,0.7411060814903883
fields,f075,success,xgboost,0.769371681710654
fields,f075,shot_in_window,adaboost,0.6885616091892064
fields,f075,shot_in_window,xgboost,0.7154633892626386
fields,f100,success,adaboost,0.7601534767813668
fields,f100,success,xgboost,0.7973775078885342
fields,f100,shot_in_window,adaboost,0.7104037299465799
fields,f100,shot_in_window,xgboost,0.7394725459978508
fields,k-10,success,adaboost,0.5508016520509076
fields,k-10,success,xgboost,0.5486359164714729
fields,k-10,shot_in_window,adaboost,0.5476085336870506
fields,k-10,shot_in_window,xgboost,0.5319435714347595
fields,k-2,success,adaboost,0.5691196254180324
fields,k-2,success,xgboost,0.5589973200382825
fields,k-2,shot_in_window,adaboost,0.5737464436553399
fields,k-2,shot_in_window,xgboost,0.5581574853855772
fields,k-4,success,adaboost,0.5656301715135446
fields,k-4,success,xgboost,0.5526959498094817
fields,k-4,shot_in_window,adaboost,0.5661314863282673
fields,k-4,shot_in_window,xgboost,0.5455153158252244
fields,k-7,success,adaboost,0.556882170766766
fields,k-7,success,xgboost,0.5454624415577942
fields,k-7,shot_in_window,adaboost,0.5582167845350064
fields,k-7,shot_in_window,xgboost,0.5442189566044934
fields,k0,success,adaboost,0.5796713952007835
fields,k0,success,xgboost,0.5744017037943216
fields,k0,shot_in_window,adaboost,0.5846808297982458
fields,k0,shot_in_window,xgboost,0.5757418790847628
union,a0,success,adaboost,0.5819791915225062
union,a0,success,xgboost,0.5779216800825461
union,a0,shot_in_window,adaboost,0.5843494203483076
union,a0,shot_in_window,xgboost,0.5751190876120968
union,a2,success,adaboost,0.7123185410908797
union,a2,success,xgboost,0.7449156495567504
union,a2,shot_in_window,adaboost,0.6705767807873483
union,a2,shot_in_window,xgboost,0.691592764324605
union,a4,success,adaboost,0.7184664278627011
union,a4,success,xgboost,0.7608629089545107
union,a4,shot_in_window,adaboost,0.6835095502714005
union,a4,shot_in_window,xgboost,0.7088936370989917
union,a6,success,adaboost,0.7352091050310458
union,a6,success,xgboost,0.7771153921896372
union,a6,shot_in_window,adaboost,0.6970275303671004
union,a6,shot_in_window,xgboost,0.7215764357011921
union,f025,success,adaboost,0.7142854175918263
union,f025,success,xgboost,0.7577303407106516
union,f025,shot_in_window,adaboost,0.6664240354833917
union,f025,shot_in_window,xgboost,0.691201273626209
union,f050,success,adaboost,0.7304953067106446
union,f050,success,xgboost,0.78140221091835
union,f050,shot_in_window,adaboost,0.683875271809493
union,f050,shot_in_window,xgboost,0.7121794958180563
union,f075,success,adaboost,0.7613909128150916
union,f075,success,xgboost,0.7973299256062327
union,f075,shot_in_window,adaboost,0.7003016174930926
union,f075,shot_in_window,xgboost,0.7365482175682384
union,f100,success,adaboost,0.7841917453974805
union,f100,success,xgboost,0.8181590233252576
union,f100,shot_in_window,adaboost,0.7204026053282843
union,f100,shot_in_window,xgboost,0.7532518875458711
union,k-10,success,adaboost,0.5542547980408412
union,k-10,success,xgboost,0.5477503593890153
union,k-10,shot_in_window,adaboost,0.5539018439247991
union,k-10,shot_in_window,xgboost,0.5426507477829297
union,k-2,success,adaboost,0.5724710239477213
union,k-2,success,xgboost,0.5619126341825924
union,k-2,shot_in_window,adaboost,0.5736008128054397
union,k-2,shot_in_window,xgboost,0.5629850016668737
union,k-4,success,adaboost,0.5672431292927433
union,k-4,success,xgboost,0.5572138559902756
union,k-4,shot_in_window,adaboost,0.5663213559078396
union,k-4,shot_in_window,xgboost,0.550252630018549
union,k-7,success,adaboost,0.5606931295857286
union,k-7,success,xgboost,0.5530135235299393
union,k-7,shot_in_window,adaboost,0.5589504936929931
union,k-7,shot_in_window,xgboost,0.5471748096411071
union,k0,success,adaboost,0.5819791915225062
union,k0,success,xgboost,0.5779216800825461
union,k0,shot_in_window,adaboost,0.5843494203483076
union,k0,shot_in_window,xgboost,0.5751190876120968
