tag,target,estimator,auc
union,success,adaboost,0.8147285558743944
alone:strike,success,adaboost,0.5566811606575894
loo_minus:strike,success,adaboost,0.8147285558743944
alone:fields_flight,success,adaboost,0.7617190562553123
loo_minus:fields_flight,success,adaboost,0.8112612983814087
alone:ball2d,success,adaboost,0.7397466486385571
loo_minus:ball2d,success,adaboost,0.8145077414481879
alone:flight3d,success,adaboost,0.7345278031471656
loo_minus:flight3d,success,adaboost,0.8013752540534133
alone:arrival,success,adaboost,0.7963859198278226
loo_minus:arrival,success,adaboost,0.8022838976290375
union,success,xgboost,0.8489819208837561
alone:strike,success,xgboost,0.5543895526961352
loo_minus:strike,success,xgboost,0.8488847165486728
alone:fields_flight,success,xgboost,0.7968960849683825
loo_minus:fields_flight,success,xgboost,0.8447877819083336
alone:ball2d,success,xgboost,0.7729315633268254
loo_minus:ball2d,success,xgboost,0.8487750510702898
alone:flight3d,success,xgboost,0.7609334479264027
loo_minus:flight3d,success,xgboost,0.8331645021487684
alone:arrival,success,xgboost,0.8239998133795444
loo_minus:arrival,success,xgboost,0.8360143211172839
union,shot_in_window,adaboost,0.7362160861807353
alone:strike,shot_in_window,adaboost,0.5636921796193496
loo_minus:strike,shot_in_window,adaboost,0.736344831713145
alone:fields_flight,shot_in_window,adaboost,0.7104266113566233
loo_minus:fields_flight,shot_in_window,adaboost,0.7251129471320309
alone:ball2d,shot_in_window,adaboost,0.677729377211736
loo_minus:ball2d,shot_in_window,adaboost,0.7370328582663296
alone:flight3d,shot_in_window,adaboost,0.6755560844416679
loo_minus:flight3d,shot_in_window,adaboost,0.7272431442402376
alone:arrival,shot_in_window,adaboost,0.7125120683896268
loo_minus:arrival,shot_in_window,adaboost,0.7321943123833469
union,shot_in_window,xgboost,0.7803217788028222
alone:strike,shot_in_window,xgboost,0.5562527333358361
loo_minus:strike,shot_in_window,xgboost,0.7785975111443095
alone:fields_flight,shot_in_window,xgboost,0.7400761660174041
loo_minus:fields_flight,shot_in_window,xgboost,0.768091314192683
alone:ball2d,shot_in_window,xgboost,0.7071345961144357
loo_minus:ball2d,shot_in_window,xgboost,0.7803250275218643
alone:flight3d,shot_in_window,xgboost,0.7009550512046251
loo_minus:flight3d,shot_in_window,xgboost,0.7662784487518982
alone:arrival,shot_in_window,xgboost,0.7441255539266505
loo_minus:arrival,shot_in_window,xgboost,0.7701219641322167
